driverId,name,ssn,location,certified,wage-plan
10,Brandon Chandler,206-41-0432,"USCGC Vargas
FPO AP 47637",N,miles
11,Gregory Stewart,881-48-8249,"573 Ochoa Pass
Johnsonton, WV 36802",Y,miles
12,Mark Sherman,763-34-0693,"919 Reyes Roads Apt. 775
Christopherchester, IA 55702",Y,hours
13,Erika Sellers,413-94-9785,"Unit 4525 Box 1415
DPO AA 87744",N,miles
14,Bethany Jones,496-91-0292,"209 Cook Roads
Port Douglas, WA 52131",Y,miles
15,Isabel Mitchell,551-41-1460,"5332 French Summit
East Steven, WA 69834",N,hours
16,Michael Chaney,355-03-1137,"41237 Rogers Key Apt. 964
North Reginaldview, OH 73136",Y,hours
17,Chelsea Johnson,837-29-4457,"7699 Brown Lodge
Lake Melissaport, OK 15705",N,hours
18,Chelsea Harper,342-41-2924,"406 Rodriguez Flat Suite 794
Christineview, MD 25966",Y,hours
19,Nicholas Lee,229-37-7090,"07815 Keller Village
Sandrafort, VI 66820",N,miles
20,Briana Moreno,804-80-1287,"19690 Lewis Hollow
Longburgh, NY 70173",N,hours
21,Eric Blanchard,379-66-1437,"032 Matthew Falls Apt. 542
Maymouth, AL 92780",Y,miles
22,Amy Mendoza,459-25-3521,"5290 Ross Ridge Apt. 633
Lake Tammyton, ID 45532",Y,miles
23,Jasmine Torres,708-42-2611,"739 Conrad Station
North Candace, ND 06725",Y,miles
24,Madison Huffman,114-76-2149,"093 Howard Groves Suite 507
Judithmouth, GA 44560",N,miles
25,Anthony Baker,853-14-3036,"USNV Robinson
FPO AA 04664",Y,hours
26,Donald Watson,062-43-1134,"730 Monique Mall Suite 360
Woodmouth, CO 70731",N,miles
27,Michael Costa,086-03-8461,"Unit 4014 Box 8587
DPO AA 81413",N,hours
28,Joseph Good,248-78-1434,"996 Elizabeth Skyway Apt. 426
Michaelfurt, FL 23681",N,miles
29,Joshua Rodriguez,243-45-1479,"99385 Johnson Crossing Suite 329
West Jeffrey, AR 63215",Y,hours
30,Michael Johnson,717-88-4415,"Unit 0339 Box 4161
DPO AA 99606",N,hours
31,Patricia Green,183-25-8401,"54688 Rose Field
Henryhaven, TX 44935",N,miles
32,Manuel Matthews,815-02-7548,"4363 Ray Walks Suite 565
Eddiestad, NY 90207",N,miles
33,Deborah Zimmerman,243-69-4509,"4917 Martha Viaduct
East Cynthiachester, AZ 83761",N,hours
34,Jessica Johnson,758-40-4973,"Unit 2257 Box 6724
DPO AP 78445",Y,hours
35,Kimberly Jones,847-20-5960,"97201 Fleming Pass
West Laurieside, CT 81886",Y,miles
36,Mark Murphy,175-55-0207,"734 Gonzalez Trail Apt. 301
West Dawnbury, MD 88567",Y,miles
37,James Rubio,376-64-9127,"11519 Sherman Via Apt. 403
Roberthaven, MO 47286",N,hours
38,James Hawkins,237-37-4588,"14293 Susan Shoals Suite 431
Robertfurt, ND 80945",Y,miles
39,Barry Garrett,225-02-5749,"978 Sean Station Suite 451
Aliciashire, GA 09641",N,hours
40,Laura Burnett,048-34-7707,"44682 Baird Bypass
Williamston, PA 17112",N,miles
41,David Russell,111-83-2854,"0451 Clinton Row Apt. 608
Lake Angela, RI 08958",Y,miles
42,Terri Browning,737-37-2271,"71965 Herman Circle
South Justin, IL 31203",N,hours
43,Cynthia Evans,785-57-1912,"755 Patterson Crossroad
East Antonio, CT 20832",Y,hours
44,Michael Perkins,255-04-3212,"392 Susan Field Suite 765
New Ricardo, SC 71397",Y,hours
45,Morgan Taylor,110-79-5448,"2464 Orr Springs
North Matthewshire, AK 39663",N,hours
46,Laura Bailey,806-53-2141,"540 Greene Glen Apt. 932
South Danielle, KY 08510",Y,miles
47,Crystal Fuller,835-94-0402,"276 Johnson Field Apt. 160
Caitlynshire, UT 41604",N,miles
48,Diane Juarez,719-24-2646,"090 Philip Circle Suite 674
South Timothyfort, OH 02733",N,miles
49,Jonathan English,459-34-3122,"2093 Atkinson Curve
Port Keith, ME 05886",Y,miles
50,Mary Young,385-36-8055,"3259 Kevin Island
Curtischester, SC 35865",Y,miles
51,Kathleen Warner,649-68-4100,"02157 Jacob Springs
Port Wendyhaven, CA 23499",Y,hours
52,Katherine Gibson,857-18-8679,"8156 Burns Landing
Carneyland, LA 99318",N,hours
53,Nancy Prince,389-52-7593,"434 Aaron Trail
Edwardsbury, VT 68424",N,miles
54,Hannah Travis,263-76-2449,"933 Denise Cove
Port Michael, ND 58273",Y,miles
55,James Winters,307-40-4217,"1764 Sparks Plains
Keithfurt, KY 43651",N,hours
56,Rebecca Kennedy,587-67-2499,"626 Melissa Station Suite 246
Valerieberg, MT 66240",Y,miles
57,Erica Torres,810-62-4561,"47124 Brianna Terrace
Hughesborough, MN 89832",N,miles
58,Alexander Aguilar,894-65-7694,"72599 Torres Square
Nicoleview, NE 48466",Y,hours
59,Justin Miller,887-05-4236,"34046 Donna Wall Apt. 147
East Abigailfort, OH 37657",Y,hours
60,Jennifer Owen,021-51-2733,"52329 Mendoza Walk
Port Thomasshire, MT 12552",N,hours
61,James Whitaker,521-76-1086,"4086 Kevin Summit Suite 091
Danaland, AL 37664",Y,miles
62,Vanessa Palmer,414-99-9887,"0641 Reed Cliffs
Bonillahaven, VA 26693",N,miles
63,Benjamin Murphy,066-65-0266,"5204 Rivera Lodge Suite 528
Powersport, DC 68883",Y,miles
64,Robert Fox,159-04-4330,"10228 Dean Centers Suite 414
New Staceyfurt, MS 61907",Y,miles
65,Amber Webster,210-04-4482,"140 Cook Trafficway
South Keith, VI 62841",N,hours
66,Robert Parker,185-75-8796,"7762 Spencer Mountain Suite 421
Lake Breanna, MP 27310",N,hours
67,Paul Ortiz,225-89-0282,"053 Julie Manor
Seanfurt, RI 72728",Y,miles
68,Ronald Shelton,052-73-7008,"2006 Shannon Turnpike Suite 761
West Stephenside, CT 24865",Y,hours
69,Sonia Harris,398-96-4565,"328 Stephanie Ports
Alvaradoborough, LA 40941",Y,hours
70,Nancy Dudley,144-56-2768,"1516 Kimberly Tunnel Suite 301
North Davidbury, AS 20756",Y,miles
71,Jason Davis DDS,586-67-1501,"94874 Lisa Harbors Suite 147
New Mandy, AK 19179",N,hours
72,Christopher Campbell,360-34-8853,"555 Jade Underpass Suite 194
Kimland, VA 31450",N,hours
73,Kimberly Tran,729-95-0544,"13611 Michael Trafficway Apt. 442
New Saramouth, ID 15405",Y,miles
74,Patricia Young,442-63-6676,"16678 Flores Mountain
North Derekton, WV 57484",Y,miles
75,Charles Garcia,499-42-5865,"4840 Daniel Islands
South Melanie, GU 81968",N,hours
76,Donald Rice,147-03-7020,"995 Johns Land
Haroldbury, NM 06925",Y,miles
77,Martin Daniels,532-23-5030,"786 Davis Loaf
West Derek, TN 00825",Y,hours
78,Kevin Gonzales,868-39-3654,"91992 Hobbs Place Apt. 233
Ricestad, CT 07251",Y,miles
79,Sarah Sanchez,530-78-7356,"5044 Yvette Fords
East Bradleyburgh, MN 42179",Y,miles
80,Robert Howard,053-44-6452,"69835 Reynolds Corner Apt. 526
East Allisonchester, ND 96593",Y,hours
81,Joshua Burgess,514-45-0626,"USNS Turner
FPO AE 65832",Y,miles
82,Ronald Sullivan,477-36-4288,"305 Barrera Common
New Keithmouth, IL 57751",N,miles
83,David Brown,152-42-1319,"354 Arthur Dale
South Edgar, MP 05094",Y,miles
84,Andrew Black,381-86-3565,"148 Joshua Crossing
New Crystal, ME 04586",Y,hours
85,Denise Shepherd,382-19-7908,"0981 Miller Road Apt. 012
New Soniaton, GA 54443",N,hours
86,John Long,507-85-4971,"PSC 4002, Box 2638
APO AE 67972",Y,miles
87,Anthony Moss,736-45-7352,"918 Alexander Crescent Apt. 166
South Reginald, MT 10121",N,miles
88,Jennifer Turner DDS,426-59-2502,"236 Wright Trafficway Apt. 129
New Sonia, AR 30903",Y,hours
89,Elizabeth Gomez,876-87-0157,"579 Pennington Mission Suite 944
East Michelle, NJ 66003",N,hours
90,Rodney Weaver,173-95-9610,"650 Benjamin Road
East Christinaborough, AR 69327",Y,hours
91,Lisa Gutierrez,694-29-7006,"69376 Jeffrey Manors Apt. 190
East Kevin, PR 46924",Y,hours
92,Lindsey Castro,376-98-9698,"083 Douglas Lock
West Richard, PA 23264",N,hours
93,Michael Martinez,424-72-1368,"435 Cardenas Valleys Apt. 344
Haroldview, VA 22104",N,miles
94,Jack Miller MD,623-73-2458,"1201 Hunt Lakes Apt. 392
Turnerstad, AZ 37770",N,miles
95,Tamara Burns,769-10-6244,"414 Ann Vista
Aprilfurt, VA 10180",Y,hours
96,Amanda Cooper,383-81-4164,"08937 Lynch Wall Apt. 755
New Kathryn, VI 72004",Y,miles
97,Steven Lee,053-75-8815,"479 James Route Apt. 621
East Suzanneport, WY 62904",Y,miles
98,Larry Bryan,130-05-8912,"4153 Steve Centers Apt. 261
Kevinview, AZ 66437",Y,hours
99,Juan Nolan,306-28-2940,"987 Andrew Radial Apt. 200
New Anthony, GA 37267",Y,miles
100,Brittany Harris,610-91-6972,"50762 Moody Fields
Lake Andrewside, WV 76613",N,miles
101,Jeffrey Sanchez,344-52-4787,"PSC 5923, Box 2545
APO AA 70728",Y,miles
102,Douglas Cummings,405-51-9713,"800 Dustin Hollow
East Stuart, MO 31532",N,miles
103,April Esparza,060-96-2330,"481 Gregory Forge Apt. 649
West Garyburgh, CO 65364",Y,miles
104,Elizabeth Eaton,386-73-0743,"265 Jennifer Skyway Apt. 874
South Benjamin, WV 03358",Y,hours
105,Mark Paul,054-25-4541,"3349 Martha Fall
Munozborough, WV 10671",Y,hours
106,Rebekah Mullins DVM,491-99-1072,"05793 Cunningham Spur Suite 149
Woodsmouth, IL 93698",Y,miles
107,Frank Delacruz,841-16-3952,"8622 Tiffany Points Suite 367
Robertsfurt, ME 07518",Y,miles
108,Amber Johnson,413-80-0029,"5728 Joseph Ridges Suite 355
Hernandezland, TN 09336",N,miles
109,Billy Cuevas,673-83-5856,"7253 Lee Pike Suite 553
South Victorville, NC 95935",N,miles
